"gene","coef"
"GJB3",0.0954354265815884
"CPA3",-0.140643530188033
"DKK1",0.154752385964338
"KRT6A",0.0455213867742288
